timestamp,glucose_mgdl,trend
2021-03-05T20:47:14,233,Flat
2021-03-05T20:52:14,258,DoubleUp
2021-03-05T20:57:13,250,FortyFiveDown
2021-03-05T21:02:14,242,FortyFiveDown
2021-03-05T21:07:14,262,DoubleUp
2021-03-05T21:12:14,273,SingleUp
2021-03-05T21:17:14,273,Flat
2021-03-05T21:22:13,271,Flat
2021-03-05T21:27:14,278,FortyFiveUp
2021-03-05T21:32:14,279,Flat
2021-03-05T21:37:14,289,SingleUp
2021-03-05T21:42:14,301,SingleUp
2021-03-05T21:47:13,285,DoubleDown
2021-03-05T21:52:14,259,DoubleDown
2021-03-05T21:57:13,244,DoubleDown
2021-03-05T22:02:14,250,FortyFiveUp
2021-03-05T22:07:14,247,Flat
2021-03-05T22:12:14,239,FortyFiveDown
2021-03-05T22:17:14,231,FortyFiveDown
2021-03-05T22:22:14,226,FortyFiveDown
2021-03-05T22:27:13,220,FortyFiveDown
2021-03-05T22:32:14,217,Flat
2021-03-05T22:37:14,211,FortyFiveDown
2021-03-05T22:42:14,206,FortyFiveDown
2021-03-05T22:47:14,196,SingleDown
2021-03-05T22:52:14,194,Flat
2021-03-05T22:57:14,174,DoubleDown
2021-03-05T23:02:14,155,DoubleDown
2021-03-05T23:07:14,142,SingleDown
2021-03-05T23:12:14,147,FortyFiveUp
2021-03-05T23:17:14,133,SingleDown
2021-03-05T23:22:14,96,DoubleDown
2021-03-05T23:27:14,90,FortyFiveDown
2021-03-05T23:32:14,108,DoubleUp
2021-03-05T23:37:14,105,Flat
2021-03-05T23:42:14,71,DoubleDown
2021-03-05T23:47:14,49,DoubleDown
2021-03-05T23:52:14,60,SingleUp
2021-03-05T23:57:14,60,Flat
2021-03-06T00:02:14,48,SingleDown
2021-03-06T00:07:14,39,FortyFiveDown
2021-03-06T00:12:14,39,Flat
2021-03-06T00:17:14,39,Flat
2021-03-06T00:22:14,39,Flat
2021-03-06T00:27:14,39,Flat
2021-03-06T00:32:14,39,Flat
2021-03-06T00:37:14,39,Flat
2021-03-06T00:42:14,39,Flat
2021-03-06T00:47:14,44,FortyFiveUp
2021-03-06T00:52:14,44,Flat
2021-03-06T00:57:14,41,Flat
2021-03-06T01:02:14,40,Flat
2021-03-06T01:07:15,42,Flat
2021-03-06T01:12:14,39,Flat
2021-03-06T01:17:14,39,Flat
2021-03-06T01:22:14,39,Flat
2021-03-06T01:27:15,39,Flat
2021-03-06T01:32:14,40,Flat
2021-03-06T01:37:14,44,Flat
2021-03-06T01:42:15,43,Flat
2021-03-06T01:47:15,57,SingleUp
2021-03-06T01:52:14,57,Flat
2021-03-06T01:57:14,62,FortyFiveUp
2021-03-06T02:02:15,60,Flat
2021-03-06T02:07:14,62,Flat
2021-03-06T02:12:15,56,FortyFiveDown
2021-03-06T02:17:14,61,FortyFiveUp
2021-03-06T02:22:15,63,Flat
2021-03-06T02:27:15,72,FortyFiveUp
2021-03-06T02:32:14,75,Flat
2021-03-06T02:37:15,75,Flat
2021-03-06T02:42:14,82,FortyFiveUp
2021-03-06T02:47:15,80,Flat
2021-03-06T02:52:15,75,FortyFiveDown
2021-03-06T02:57:15,77,Flat
2021-03-06T03:02:14,73,Flat
2021-03-06T03:07:15,73,Flat
2021-03-06T03:12:15,74,Flat
2021-03-06T03:17:15,70,Flat
2021-03-06T03:22:14,79,FortyFiveUp
