timestamp,glucose_mgdl,trend
2020-01-01T22:00:00,128,Flat
2020-01-01T22:05:00,129,Flat
2020-01-01T22:10:00,129,Flat
2020-01-01T22:15:00,130,Flat
2020-01-01T22:20:00,131,Flat
2020-01-01T22:25:00,131,Flat
2020-01-01T22:30:00,131,Flat
2020-01-01T22:35:00,131,Flat
2020-01-01T22:40:00,131,Flat
2020-01-01T22:45:00,131,Flat
2020-01-01T22:50:00,131,Flat
2020-01-01T22:55:00,130,Flat
2020-01-01T23:00:00,129,Flat
2020-01-01T23:05:00,128,Flat
2020-01-01T23:10:00,127,Flat
2020-01-01T23:15:00,126,Flat
2020-01-01T23:20:00,125,Flat
2020-01-01T23:25:00,123,FortyFiveDown
2020-01-01T23:30:00,122,Flat
2020-01-01T23:35:00,121,Flat
2020-01-01T23:40:00,119,FortyFiveDown
2020-01-01T23:45:00,118,Flat
2020-01-01T23:50:00,117,Flat
2020-01-01T23:55:00,116,Flat
2020-01-02T00:00:00,115,Flat
2020-01-02T00:05:00,114,Flat
2020-01-02T00:10:00,113,Flat
2020-01-02T00:15:00,113,Flat
2020-01-02T00:20:00,113,Flat
2020-01-02T00:25:00,113,Flat
2020-01-02T00:30:00,113,Flat
2020-01-02T00:35:00,113,Flat
2020-01-02T00:40:00,114,Flat
2020-01-02T00:45:00,114,Flat
2020-01-02T00:50:00,115,Flat
2020-01-02T00:55:00,115,Flat
2020-01-02T01:00:00,116,Flat
2020-01-02T01:05:00,118,FortyFiveUp
2020-01-02T01:10:00,117,Flat
2020-01-02T01:15:00,116,Flat
2020-01-02T01:20:00,115,Flat
2020-01-02T01:25:00,114,Flat
2020-01-02T01:30:00,113,Flat
2020-01-02T01:35:00,112,Flat
2020-01-02T01:40:00,110,FortyFiveDown
2020-01-02T01:45:00,109,Flat
2020-01-02T01:50:00,108,Flat
2020-01-02T01:55:00,106,FortyFiveDown
2020-01-02T02:00:00,104,FortyFiveDown
2020-01-02T02:05:00,103,Flat
2020-01-02T02:10:00,101,FortyFiveDown
2020-01-02T02:15:00,100,Flat
2020-01-02T02:20:00,98,FortyFiveDown
2020-01-02T02:25:00,96,FortyFiveDown
2020-01-02T02:30:00,94,FortyFiveDown
2020-01-02T02:35:00,92,FortyFiveDown
2020-01-02T02:40:00,90,FortyFiveDown
2020-01-02T02:45:00,88,FortyFiveDown
2020-01-02T02:50:00,86,FortyFiveDown
2020-01-02T02:55:00,84,FortyFiveDown
2020-01-02T03:00:00,82,FortyFiveDown
2020-01-02T03:05:00,80,FortyFiveDown
2020-01-02T03:10:00,78,FortyFiveDown
2020-01-02T03:15:00,76,FortyFiveDown
2020-01-02T03:20:00,74,FortyFiveDown
2020-01-02T03:25:00,71,FortyFiveDown
2020-01-02T03:30:00,69,FortyFiveDown
2020-01-02T03:35:00,67,FortyFiveDown
2020-01-02T03:40:00,65,FortyFiveDown
2020-01-02T03:45:00,62,FortyFiveDown
2020-01-02T03:50:00,60,FortyFiveDown
2020-01-02T03:55:00,57,FortyFiveDown
2020-01-02T04:00:00,55,FortyFiveDown
2020-01-02T04:05:00,63,SingleUp
2020-01-02T04:10:00,69,SingleUp
2020-01-02T04:15:00,75,SingleUp
2020-01-02T04:20:00,80,FortyFiveUp
2020-01-02T04:25:00,85,FortyFiveUp
2020-01-02T04:30:00,89,FortyFiveUp
2020-01-02T04:35:00,94,FortyFiveUp
2020-01-02T04:40:00,98,FortyFiveUp
2020-01-02T04:45:00,103,FortyFiveUp
2020-01-02T04:50:00,107,FortyFiveUp
2020-01-02T04:55:00,111,FortyFiveUp
2020-01-02T05:00:00,115,FortyFiveUp
2020-01-02T05:05:00,116,Flat
2020-01-02T05:10:00,117,Flat
2020-01-02T05:15:00,118,Flat
2020-01-02T05:20:00,118,Flat
2020-01-02T05:25:00,119,Flat
2020-01-02T05:30:00,119,Flat
2020-01-02T05:35:00,119,Flat
2020-01-02T05:40:00,119,Flat
2020-01-02T05:45:00,118,Flat
2020-01-02T05:50:00,117,Flat
2020-01-02T05:55:00,117,Flat
2020-01-02T06:00:00,116,Flat
